width|height|inUse|brand|
955|300|true|Auctor Quis Tristique Corp.|
937|234|true|Hendrerit Institute|
498|338|false|Risus Morbi LLC|
266|593|false|Ac Metus Incorporated|
655|180|true|Sociis Natoque Corporation|
508|487|true|Neque Industries|
729|316|true|Dui Fusce Aliquam Consulting|
258|404|false|In Ltd|
906|213|false|Orci Associates|
810|194|false|Sed Neque Sed Corp.|
340|254|true|Est Mollis Ltd|
898|395|true|Nonummy Ultricies Associates|
273|296|true|Commodo Tincidunt Nibh Associates|
463|358|true|Et Corporation|
338|290|true|Aenean Incorporated|
512|269|true|Mauris Consulting|
976|415|false|Arcu Vestibulum Foundation|
686|116|true|Tincidunt Corporation|
717|393|true|Libero At Incorporated|
867|548|false|Erat Eget Tincidunt PC|
410|517|false|A Aliquet Vel Consulting|
630|144|true|Suspendisse Company|
373|153|true|Nonummy Ac Associates|
861|167|true|Integer In Foundation|
592|449|true|Dui Semper Et Industries|
497|131|true|Iaculis Corp.|
726|600|true|Nec Tellus Nunc Consulting|
976|470|false|Rutrum Lorem LLP|
969|230|false|Sed Libero Proin LLC|
711|316|false|A Mi Fringilla PC|
400|599|true|Sed Est Nunc Ltd|
431|454|false|Mauris Ut Mi Institute|
448|136|true|Vel Corp.|
576|537|false|Commodo Limited|
622|196|false|Nulla Ante Iaculis Company|
384|219|true|Risus Donec Egestas Incorporated|
662|346|false|Enim Nec LLP|
614|565|false|Eu Foundation|
401|151|false|Libero Nec Ligula Limited|
384|460|false|Sagittis Inc.|
606|260|true|Sociis Ltd|
520|514|true|Consequat Dolor Vitae LLP|
900|217|true|Et Ultrices Foundation|
250|516|false|Leo Institute|
534|588|false|Vivamus Consulting|
825|557|false|Lacus Limited|
727|431|false|Augue Ac Ipsum LLP|
685|535|false|Dolor Dapibus Gravida Incorporated|
385|312|true|Amet Risus Donec Corporation|
897|521|false|Vestibulum Mauris PC|
825|568|true|Nulla Eget Metus Consulting|
406|391|true|Varius Nam Ltd|
564|355|true|Blandit Enim Consequat Consulting|
301|332|true|Sed Pharetra LLP|
678|394|false|Egestas LLC|
464|210|false|Amet Consectetuer Foundation|
675|292|true|Vehicula Aliquet Libero Foundation|
678|304|true|Nam Nulla Magna Ltd|
|624|217|true|Sagittis PC|
969|422|true|Mauris Ut Consulting|
457|154|false|Eu Foundation|
399|418|true|Tincidunt Congue Turpis Consulting|
848|519|false|Malesuada Institute|
833|211|true|Sagittis Placerat Institute|
405|576|false|Vivamus LLC|
587|240|true|Tellus Lorem Foundation|
982|323|false|Tellus Institute|
931|597|true|Luctus Sit Foundation|
834|250|true|Gravida Limited|
806|520|false|Vulputate Lacus Cras Inc.|
732|221|true|Nunc Corp.|
411|304|false|Eros Nam LLC|
377|583|true|Accumsan Neque Et Industries|
668|488|true|Ornare Tortor At Corp.|
666|562|true|Nec Urna Consulting|
461|523|true|Arcu Eu LLC|
844|192|false|Tincidunt Incorporated|
570|205|false|Aliquet Sem Ut Foundation|
204|331|true|Facilisi Sed Consulting|
458|460|true|Lobortis Tellus Incorporated|
844|562|false|Ut Consulting|
687|569|true|Donec Institute|
805|429|true|Mattis Corporation|
370|552|false|Consectetuer Corporation|
985|239|false|Sed Hendrerit LLC|
755|193|true|A Aliquet Vel Associates|
351|339|true|Turpis In PC|
635|210|true|Leo Morbi Neque Inc.|
898|440|true|Nunc Sed Libero Foundation|
212|507|true|Cursus Diam Corp.|
921|505|true|Dapibus LLP|
241|386|false|Sapien Imperdiet Ornare Inc.|
212|455|false|Feugiat Tellus Lorem Institute|
218|286|true|Lorem Ipsum PC|
205|407|true|Metus Eu Corp.|
242|255|true|Lacus Nulla Corp.|
923|389|false|Gravida Praesent LLC|
808|470|true|Sagittis Semper Nam Ltd|
293|543|true|Curabitur Dictum Phasellus Associates|
813|315|false|Eu Nibh Limited|
